{"mean":{"confidence_interval":{"confidence_level":0.95,"lower_bound":23.174126967192972,"upper_bound":23.277735352682896},"point_estimate":23.224909042698524,"standard_error":0.02643361653234683},"median":{"confidence_interval":{"confidence_level":0.95,"lower_bound":23.085783395385235,"upper_bound":23.165366536161983},"point_estimate":23.11560689684639,"standard_error":0.017859688467115307},"median_abs_dev":{"confidence_interval":{"confidence_level":0.95,"lower_bound":0.14048381462925524,"upper_bound":0.259981442612239},"point_estimate":0.18652684520498158,"standard_error":0.029075177613899064},"slope":{"confidence_interval":{"confidence_level":0.95,"lower_bound":23.137275112734333,"upper_bound":23.274159604234853},"point_estimate":23.200636219695454,"standard_error":0.03508063830914744},"std_dev":{"confidence_interval":{"confidence_level":0.95,"lower_bound":0.23118714218443676,"upper_bound":0.2942793448036981},"point_estimate":0.26599248698989164,"standard_error":0.0161017041743655}}