{"mean":{"confidence_interval":{"confidence_level":0.95,"lower_bound":4170.613614619397,"upper_bound":4966.483194640782},"point_estimate":4559.484955899758,"standard_error":202.8682988539234},"median":{"confidence_interval":{"confidence_level":0.95,"lower_bound":3998.1939273599737,"upper_bound":4514.210345366463},"point_estimate":4252.891701828411,"standard_error":124.18094539311411},"median_abs_dev":{"confidence_interval":{"confidence_level":0.95,"lower_bound":767.5879104596432,"upper_bound":1288.4172321081705},"point_estimate":1044.2049805941085,"standard_error":134.2085791926197},"slope":{"confidence_interval":{"confidence_level":0.95,"lower_bound":4025.7541325259376,"upper_bound":4412.100772433662},"point_estimate":4213.537630434118,"standard_error":98.37657471965211},"std_dev":{"confidence_interval":{"confidence_level":0.95,"lower_bound":1664.8332092013397,"upper_bound":2352.233126225719},"point_estimate":2039.7448485850355,"standard_error":174.88997256783438}}