{"mean":{"confidence_interval":{"confidence_level":0.95,"lower_bound":205.28743227072147,"upper_bound":232.03222883794257},"point_estimate":218.38588425438675,"standard_error":6.814108495247688},"median":{"confidence_interval":{"confidence_level":0.95,"lower_bound":189.439330815199,"upper_bound":213.90851689746717},"point_estimate":200.35249626045515,"standard_error":6.879932355531031},"median_abs_dev":{"confidence_interval":{"confidence_level":0.95,"lower_bound":44.31088723950181,"upper_bound":75.23699325710346},"point_estimate":58.84085297867084,"standard_error":7.470966096764039},"slope":{"confidence_interval":{"confidence_level":0.95,"lower_bound":197.5285202723425,"upper_bound":231.35114910229785},"point_estimate":213.53483874049152,"standard_error":8.624236062357179},"std_dev":{"confidence_interval":{"confidence_level":0.95,"lower_bound":57.445873775203495,"upper_bound":78.30153564391688},"point_estimate":68.49600412924977,"standard_error":5.327638195378142}}