{"mean":{"confidence_interval":{"confidence_level":0.95,"lower_bound":520.4195206453468,"upper_bound":749.5533464577852},"point_estimate":619.136462604592,"standard_error":58.88258730930882},"median":{"confidence_interval":{"confidence_level":0.95,"lower_bound":495.56445561379746,"upper_bound":640.727264953033},"point_estimate":567.3688076574415,"standard_error":38.023439926465876},"median_abs_dev":{"confidence_interval":{"confidence_level":0.95,"lower_bound":264.25431049537235,"upper_bound":423.8837917266168},"point_estimate":353.78178097876855,"standard_error":40.296729597740374},"slope":{"confidence_interval":{"confidence_level":0.95,"lower_bound":546.9052166050728,"upper_bound":669.0883169200097},"point_estimate":607.3140962418527,"standard_error":31.27554058254839},"std_dev":{"confidence_interval":{"confidence_level":0.95,"lower_bound":300.94850121852545,"upper_bound":907.0813523729721},"point_estimate":590.7245153557166,"standard_error":194.18317940684585}}