{"mean":{"confidence_interval":{"confidence_level":0.95,"lower_bound":200.18982282393833,"upper_bound":239.1331913357537},"point_estimate":218.794141208467,"standard_error":9.957901562464558},"median":{"confidence_interval":{"confidence_level":0.95,"lower_bound":173.69846397257564,"upper_bound":201.3297938464726},"point_estimate":183.6865441681615,"standard_error":7.9424183626271985},"median_abs_dev":{"confidence_interval":{"confidence_level":0.95,"lower_bound":32.011202232630254,"upper_bound":65.23117971194223},"point_estimate":42.2445632576741,"standard_error":8.853269452663222},"slope":{"confidence_interval":{"confidence_level":0.95,"lower_bound":181.2485598054373,"upper_bound":226.2836875342942},"point_estimate":201.72782871125315,"standard_error":11.566761540064585},"std_dev":{"confidence_interval":{"confidence_level":0.95,"lower_bound":74.22637888065124,"upper_bound":122.5042703760642},"point_estimate":99.74403833257836,"standard_error":12.399148319393479}}