{"mean":{"confidence_interval":{"confidence_level":0.95,"lower_bound":61.0582072688963,"upper_bound":63.56296004130612},"point_estimate":62.06072825649064,"standard_error":0.6579214390520511},"median":{"confidence_interval":{"confidence_level":0.95,"lower_bound":61.13776639191941,"upper_bound":61.97085224240295},"point_estimate":61.52445989733047,"standard_error":0.21284331828225275},"median_abs_dev":{"confidence_interval":{"confidence_level":0.95,"lower_bound":1.533805049544181,"upper_bound":2.7888869414851185},"point_estimate":2.1579807455969093,"standard_error":0.3203333092788333},"slope":{"confidence_interval":{"confidence_level":0.95,"lower_bound":60.83634827338613,"upper_bound":61.72832476326074},"point_estimate":61.28095927910568,"standard_error":0.22671906325018165},"std_dev":{"confidence_interval":{"confidence_level":0.95,"lower_bound":2.1647498808793446,"upper_bound":10.85479509458573},"point_estimate":6.657263448238206,"standard_error":2.8098304538654104}}