{"mean":{"confidence_interval":{"confidence_level":0.95,"lower_bound":125.14488888444697,"upper_bound":138.85145221875624},"point_estimate":131.81657197031035,"standard_error":3.5034923201434895},"median":{"confidence_interval":{"confidence_level":0.95,"lower_bound":113.97193215172726,"upper_bound":132.1675674531497},"point_estimate":120.08066338292753,"standard_error":4.710144078100483},"median_abs_dev":{"confidence_interval":{"confidence_level":0.95,"lower_bound":21.250557512377792,"upper_bound":40.446606378699194},"point_estimate":30.739117431189502,"standard_error":5.215605918988858},"slope":{"confidence_interval":{"confidence_level":0.95,"lower_bound":116.86425213909449,"upper_bound":130.90524373455855},"point_estimate":123.77695075543417,"standard_error":3.5909407574592644},"std_dev":{"confidence_interval":{"confidence_level":0.95,"lower_bound":29.29767214024058,"upper_bound":41.17284757897335},"point_estimate":35.33367207312437,"standard_error":3.049268956937585}}