{"mean":{"confidence_interval":{"confidence_level":0.95,"lower_bound":132.5900036860934,"upper_bound":160.19829657366387},"point_estimate":145.7382407133187,"standard_error":7.068704514561202},"median":{"confidence_interval":{"confidence_level":0.95,"lower_bound":113.0506614257247,"upper_bound":132.74009198637626},"point_estimate":120.8780419709642,"standard_error":4.816990777439202},"median_abs_dev":{"confidence_interval":{"confidence_level":0.95,"lower_bound":27.807080987452053,"upper_bound":48.16922295853444},"point_estimate":35.99129814156025,"standard_error":5.269880229675801},"slope":{"confidence_interval":{"confidence_level":0.95,"lower_bound":124.57995751497556,"upper_bound":158.1507535034949},"point_estimate":140.36266623356946,"standard_error":8.618165902189407},"std_dev":{"confidence_interval":{"confidence_level":0.95,"lower_bound":54.437016743386565,"upper_bound":85.53831923889832},"point_estimate":71.27423155065671,"standard_error":7.937138227068911}}