{"mean":{"confidence_interval":{"confidence_level":0.95,"lower_bound":480.4611854347911,"upper_bound":1009.9009872865582},"point_estimate":725.0856981876115,"standard_error":135.6557892640421},"median":{"confidence_interval":{"confidence_level":0.95,"lower_bound":159.97769663209453,"upper_bound":340.8114771977613},"point_estimate":231.94985832364887,"standard_error":46.197315249160184},"median_abs_dev":{"confidence_interval":{"confidence_level":0.95,"lower_bound":104.26166426197356,"upper_bound":339.02364179134617},"point_estimate":192.52448939779936,"standard_error":59.155313235154786},"slope":{"confidence_interval":{"confidence_level":0.95,"lower_bound":438.5262491312397,"upper_bound":948.1001056864263},"point_estimate":664.5066279788454,"standard_error":130.457679053447},"std_dev":{"confidence_interval":{"confidence_level":0.95,"lower_bound":829.1854449711742,"upper_bound":1800.88289035734},"point_estimate":1365.4429040369023,"standard_error":248.80566143966522}}